arm	run	status	workspace	prompt	stdout	stderr
skills_off	01	0	/Users/anamkwon/skills-test/.skill-codegen-runs/20260609_152615_16568/skills_off/workspaces/run_01	/Users/anamkwon/skills-test/.skill-codegen-runs/20260609_152615_16568/skills_off/prompt_01.txt	/Users/anamkwon/skills-test/.skill-codegen-runs/20260609_152615_16568/skills_off/run_01.txt	/Users/anamkwon/skills-test/.skill-codegen-runs/20260609_152615_16568/skills_off/run_01.stderr
skills_off	02	0	/Users/anamkwon/skills-test/.skill-codegen-runs/20260609_152615_16568/skills_off/workspaces/run_02	/Users/anamkwon/skills-test/.skill-codegen-runs/20260609_152615_16568/skills_off/prompt_02.txt	/Users/anamkwon/skills-test/.skill-codegen-runs/20260609_152615_16568/skills_off/run_02.txt	/Users/anamkwon/skills-test/.skill-codegen-runs/20260609_152615_16568/skills_off/run_02.stderr
skills_off	03	0	/Users/anamkwon/skills-test/.skill-codegen-runs/20260609_152615_16568/skills_off/workspaces/run_03	/Users/anamkwon/skills-test/.skill-codegen-runs/20260609_152615_16568/skills_off/prompt_03.txt	/Users/anamkwon/skills-test/.skill-codegen-runs/20260609_152615_16568/skills_off/run_03.txt	/Users/anamkwon/skills-test/.skill-codegen-runs/20260609_152615_16568/skills_off/run_03.stderr
skills_off	04	0	/Users/anamkwon/skills-test/.skill-codegen-runs/20260609_152615_16568/skills_off/workspaces/run_04	/Users/anamkwon/skills-test/.skill-codegen-runs/20260609_152615_16568/skills_off/prompt_04.txt	/Users/anamkwon/skills-test/.skill-codegen-runs/20260609_152615_16568/skills_off/run_04.txt	/Users/anamkwon/skills-test/.skill-codegen-runs/20260609_152615_16568/skills_off/run_04.stderr
skills_off	05	0	/Users/anamkwon/skills-test/.skill-codegen-runs/20260609_152615_16568/skills_off/workspaces/run_05	/Users/anamkwon/skills-test/.skill-codegen-runs/20260609_152615_16568/skills_off/prompt_05.txt	/Users/anamkwon/skills-test/.skill-codegen-runs/20260609_152615_16568/skills_off/run_05.txt	/Users/anamkwon/skills-test/.skill-codegen-runs/20260609_152615_16568/skills_off/run_05.stderr
skills_off	06	0	/Users/anamkwon/skills-test/.skill-codegen-runs/20260609_152615_16568/skills_off/workspaces/run_06	/Users/anamkwon/skills-test/.skill-codegen-runs/20260609_152615_16568/skills_off/prompt_06.txt	/Users/anamkwon/skills-test/.skill-codegen-runs/20260609_152615_16568/skills_off/run_06.txt	/Users/anamkwon/skills-test/.skill-codegen-runs/20260609_152615_16568/skills_off/run_06.stderr
skills_off	07	0	/Users/anamkwon/skills-test/.skill-codegen-runs/20260609_152615_16568/skills_off/workspaces/run_07	/Users/anamkwon/skills-test/.skill-codegen-runs/20260609_152615_16568/skills_off/prompt_07.txt	/Users/anamkwon/skills-test/.skill-codegen-runs/20260609_152615_16568/skills_off/run_07.txt	/Users/anamkwon/skills-test/.skill-codegen-runs/20260609_152615_16568/skills_off/run_07.stderr
skills_off	08	0	/Users/anamkwon/skills-test/.skill-codegen-runs/20260609_152615_16568/skills_off/workspaces/run_08	/Users/anamkwon/skills-test/.skill-codegen-runs/20260609_152615_16568/skills_off/prompt_08.txt	/Users/anamkwon/skills-test/.skill-codegen-runs/20260609_152615_16568/skills_off/run_08.txt	/Users/anamkwon/skills-test/.skill-codegen-runs/20260609_152615_16568/skills_off/run_08.stderr
skills_off	09	0	/Users/anamkwon/skills-test/.skill-codegen-runs/20260609_152615_16568/skills_off/workspaces/run_09	/Users/anamkwon/skills-test/.skill-codegen-runs/20260609_152615_16568/skills_off/prompt_09.txt	/Users/anamkwon/skills-test/.skill-codegen-runs/20260609_152615_16568/skills_off/run_09.txt	/Users/anamkwon/skills-test/.skill-codegen-runs/20260609_152615_16568/skills_off/run_09.stderr
skills_off	10	0	/Users/anamkwon/skills-test/.skill-codegen-runs/20260609_152615_16568/skills_off/workspaces/run_10	/Users/anamkwon/skills-test/.skill-codegen-runs/20260609_152615_16568/skills_off/prompt_10.txt	/Users/anamkwon/skills-test/.skill-codegen-runs/20260609_152615_16568/skills_off/run_10.txt	/Users/anamkwon/skills-test/.skill-codegen-runs/20260609_152615_16568/skills_off/run_10.stderr
karpathy_only	01	0	/Users/anamkwon/skills-test/.skill-codegen-runs/20260609_152615_16568/karpathy_only/workspaces/run_01	/Users/anamkwon/skills-test/.skill-codegen-runs/20260609_152615_16568/karpathy_only/prompt_01.txt	/Users/anamkwon/skills-test/.skill-codegen-runs/20260609_152615_16568/karpathy_only/run_01.txt	/Users/anamkwon/skills-test/.skill-codegen-runs/20260609_152615_16568/karpathy_only/run_01.stderr
karpathy_only	02	0	/Users/anamkwon/skills-test/.skill-codegen-runs/20260609_152615_16568/karpathy_only/workspaces/run_02	/Users/anamkwon/skills-test/.skill-codegen-runs/20260609_152615_16568/karpathy_only/prompt_02.txt	/Users/anamkwon/skills-test/.skill-codegen-runs/20260609_152615_16568/karpathy_only/run_02.txt	/Users/anamkwon/skills-test/.skill-codegen-runs/20260609_152615_16568/karpathy_only/run_02.stderr
karpathy_only	03	0	/Users/anamkwon/skills-test/.skill-codegen-runs/20260609_152615_16568/karpathy_only/workspaces/run_03	/Users/anamkwon/skills-test/.skill-codegen-runs/20260609_152615_16568/karpathy_only/prompt_03.txt	/Users/anamkwon/skills-test/.skill-codegen-runs/20260609_152615_16568/karpathy_only/run_03.txt	/Users/anamkwon/skills-test/.skill-codegen-runs/20260609_152615_16568/karpathy_only/run_03.stderr
karpathy_only	04	0	/Users/anamkwon/skills-test/.skill-codegen-runs/20260609_152615_16568/karpathy_only/workspaces/run_04	/Users/anamkwon/skills-test/.skill-codegen-runs/20260609_152615_16568/karpathy_only/prompt_04.txt	/Users/anamkwon/skills-test/.skill-codegen-runs/20260609_152615_16568/karpathy_only/run_04.txt	/Users/anamkwon/skills-test/.skill-codegen-runs/20260609_152615_16568/karpathy_only/run_04.stderr
karpathy_only	05	0	/Users/anamkwon/skills-test/.skill-codegen-runs/20260609_152615_16568/karpathy_only/workspaces/run_05	/Users/anamkwon/skills-test/.skill-codegen-runs/20260609_152615_16568/karpathy_only/prompt_05.txt	/Users/anamkwon/skills-test/.skill-codegen-runs/20260609_152615_16568/karpathy_only/run_05.txt	/Users/anamkwon/skills-test/.skill-codegen-runs/20260609_152615_16568/karpathy_only/run_05.stderr
karpathy_only	06	0	/Users/anamkwon/skills-test/.skill-codegen-runs/20260609_152615_16568/karpathy_only/workspaces/run_06	/Users/anamkwon/skills-test/.skill-codegen-runs/20260609_152615_16568/karpathy_only/prompt_06.txt	/Users/anamkwon/skills-test/.skill-codegen-runs/20260609_152615_16568/karpathy_only/run_06.txt	/Users/anamkwon/skills-test/.skill-codegen-runs/20260609_152615_16568/karpathy_only/run_06.stderr
karpathy_only	07	0	/Users/anamkwon/skills-test/.skill-codegen-runs/20260609_152615_16568/karpathy_only/workspaces/run_07	/Users/anamkwon/skills-test/.skill-codegen-runs/20260609_152615_16568/karpathy_only/prompt_07.txt	/Users/anamkwon/skills-test/.skill-codegen-runs/20260609_152615_16568/karpathy_only/run_07.txt	/Users/anamkwon/skills-test/.skill-codegen-runs/20260609_152615_16568/karpathy_only/run_07.stderr
karpathy_only	08	0	/Users/anamkwon/skills-test/.skill-codegen-runs/20260609_152615_16568/karpathy_only/workspaces/run_08	/Users/anamkwon/skills-test/.skill-codegen-runs/20260609_152615_16568/karpathy_only/prompt_08.txt	/Users/anamkwon/skills-test/.skill-codegen-runs/20260609_152615_16568/karpathy_only/run_08.txt	/Users/anamkwon/skills-test/.skill-codegen-runs/20260609_152615_16568/karpathy_only/run_08.stderr
karpathy_only	09	0	/Users/anamkwon/skills-test/.skill-codegen-runs/20260609_152615_16568/karpathy_only/workspaces/run_09	/Users/anamkwon/skills-test/.skill-codegen-runs/20260609_152615_16568/karpathy_only/prompt_09.txt	/Users/anamkwon/skills-test/.skill-codegen-runs/20260609_152615_16568/karpathy_only/run_09.txt	/Users/anamkwon/skills-test/.skill-codegen-runs/20260609_152615_16568/karpathy_only/run_09.stderr
karpathy_only	10	0	/Users/anamkwon/skills-test/.skill-codegen-runs/20260609_152615_16568/karpathy_only/workspaces/run_10	/Users/anamkwon/skills-test/.skill-codegen-runs/20260609_152615_16568/karpathy_only/prompt_10.txt	/Users/anamkwon/skills-test/.skill-codegen-runs/20260609_152615_16568/karpathy_only/run_10.txt	/Users/anamkwon/skills-test/.skill-codegen-runs/20260609_152615_16568/karpathy_only/run_10.stderr
theory_only	01	0	/Users/anamkwon/skills-test/.skill-codegen-runs/20260609_152615_16568/theory_only/workspaces/run_01	/Users/anamkwon/skills-test/.skill-codegen-runs/20260609_152615_16568/theory_only/prompt_01.txt	/Users/anamkwon/skills-test/.skill-codegen-runs/20260609_152615_16568/theory_only/run_01.txt	/Users/anamkwon/skills-test/.skill-codegen-runs/20260609_152615_16568/theory_only/run_01.stderr
theory_only	02	0	/Users/anamkwon/skills-test/.skill-codegen-runs/20260609_152615_16568/theory_only/workspaces/run_02	/Users/anamkwon/skills-test/.skill-codegen-runs/20260609_152615_16568/theory_only/prompt_02.txt	/Users/anamkwon/skills-test/.skill-codegen-runs/20260609_152615_16568/theory_only/run_02.txt	/Users/anamkwon/skills-test/.skill-codegen-runs/20260609_152615_16568/theory_only/run_02.stderr
theory_only	03	0	/Users/anamkwon/skills-test/.skill-codegen-runs/20260609_152615_16568/theory_only/workspaces/run_03	/Users/anamkwon/skills-test/.skill-codegen-runs/20260609_152615_16568/theory_only/prompt_03.txt	/Users/anamkwon/skills-test/.skill-codegen-runs/20260609_152615_16568/theory_only/run_03.txt	/Users/anamkwon/skills-test/.skill-codegen-runs/20260609_152615_16568/theory_only/run_03.stderr
theory_only	04	0	/Users/anamkwon/skills-test/.skill-codegen-runs/20260609_152615_16568/theory_only/workspaces/run_04	/Users/anamkwon/skills-test/.skill-codegen-runs/20260609_152615_16568/theory_only/prompt_04.txt	/Users/anamkwon/skills-test/.skill-codegen-runs/20260609_152615_16568/theory_only/run_04.txt	/Users/anamkwon/skills-test/.skill-codegen-runs/20260609_152615_16568/theory_only/run_04.stderr
theory_only	05	0	/Users/anamkwon/skills-test/.skill-codegen-runs/20260609_152615_16568/theory_only/workspaces/run_05	/Users/anamkwon/skills-test/.skill-codegen-runs/20260609_152615_16568/theory_only/prompt_05.txt	/Users/anamkwon/skills-test/.skill-codegen-runs/20260609_152615_16568/theory_only/run_05.txt	/Users/anamkwon/skills-test/.skill-codegen-runs/20260609_152615_16568/theory_only/run_05.stderr
theory_only	06	0	/Users/anamkwon/skills-test/.skill-codegen-runs/20260609_152615_16568/theory_only/workspaces/run_06	/Users/anamkwon/skills-test/.skill-codegen-runs/20260609_152615_16568/theory_only/prompt_06.txt	/Users/anamkwon/skills-test/.skill-codegen-runs/20260609_152615_16568/theory_only/run_06.txt	/Users/anamkwon/skills-test/.skill-codegen-runs/20260609_152615_16568/theory_only/run_06.stderr
theory_only	07	0	/Users/anamkwon/skills-test/.skill-codegen-runs/20260609_152615_16568/theory_only/workspaces/run_07	/Users/anamkwon/skills-test/.skill-codegen-runs/20260609_152615_16568/theory_only/prompt_07.txt	/Users/anamkwon/skills-test/.skill-codegen-runs/20260609_152615_16568/theory_only/run_07.txt	/Users/anamkwon/skills-test/.skill-codegen-runs/20260609_152615_16568/theory_only/run_07.stderr
theory_only	08	0	/Users/anamkwon/skills-test/.skill-codegen-runs/20260609_152615_16568/theory_only/workspaces/run_08	/Users/anamkwon/skills-test/.skill-codegen-runs/20260609_152615_16568/theory_only/prompt_08.txt	/Users/anamkwon/skills-test/.skill-codegen-runs/20260609_152615_16568/theory_only/run_08.txt	/Users/anamkwon/skills-test/.skill-codegen-runs/20260609_152615_16568/theory_only/run_08.stderr
theory_only	09	0	/Users/anamkwon/skills-test/.skill-codegen-runs/20260609_152615_16568/theory_only/workspaces/run_09	/Users/anamkwon/skills-test/.skill-codegen-runs/20260609_152615_16568/theory_only/prompt_09.txt	/Users/anamkwon/skills-test/.skill-codegen-runs/20260609_152615_16568/theory_only/run_09.txt	/Users/anamkwon/skills-test/.skill-codegen-runs/20260609_152615_16568/theory_only/run_09.stderr
theory_only	10	0	/Users/anamkwon/skills-test/.skill-codegen-runs/20260609_152615_16568/theory_only/workspaces/run_10	/Users/anamkwon/skills-test/.skill-codegen-runs/20260609_152615_16568/theory_only/prompt_10.txt	/Users/anamkwon/skills-test/.skill-codegen-runs/20260609_152615_16568/theory_only/run_10.txt	/Users/anamkwon/skills-test/.skill-codegen-runs/20260609_152615_16568/theory_only/run_10.stderr
both	01	0	/Users/anamkwon/skills-test/.skill-codegen-runs/20260609_152615_16568/both/workspaces/run_01	/Users/anamkwon/skills-test/.skill-codegen-runs/20260609_152615_16568/both/prompt_01.txt	/Users/anamkwon/skills-test/.skill-codegen-runs/20260609_152615_16568/both/run_01.txt	/Users/anamkwon/skills-test/.skill-codegen-runs/20260609_152615_16568/both/run_01.stderr
both	02	0	/Users/anamkwon/skills-test/.skill-codegen-runs/20260609_152615_16568/both/workspaces/run_02	/Users/anamkwon/skills-test/.skill-codegen-runs/20260609_152615_16568/both/prompt_02.txt	/Users/anamkwon/skills-test/.skill-codegen-runs/20260609_152615_16568/both/run_02.txt	/Users/anamkwon/skills-test/.skill-codegen-runs/20260609_152615_16568/both/run_02.stderr
both	03	0	/Users/anamkwon/skills-test/.skill-codegen-runs/20260609_152615_16568/both/workspaces/run_03	/Users/anamkwon/skills-test/.skill-codegen-runs/20260609_152615_16568/both/prompt_03.txt	/Users/anamkwon/skills-test/.skill-codegen-runs/20260609_152615_16568/both/run_03.txt	/Users/anamkwon/skills-test/.skill-codegen-runs/20260609_152615_16568/both/run_03.stderr
both	04	0	/Users/anamkwon/skills-test/.skill-codegen-runs/20260609_152615_16568/both/workspaces/run_04	/Users/anamkwon/skills-test/.skill-codegen-runs/20260609_152615_16568/both/prompt_04.txt	/Users/anamkwon/skills-test/.skill-codegen-runs/20260609_152615_16568/both/run_04.txt	/Users/anamkwon/skills-test/.skill-codegen-runs/20260609_152615_16568/both/run_04.stderr
both	05	0	/Users/anamkwon/skills-test/.skill-codegen-runs/20260609_152615_16568/both/workspaces/run_05	/Users/anamkwon/skills-test/.skill-codegen-runs/20260609_152615_16568/both/prompt_05.txt	/Users/anamkwon/skills-test/.skill-codegen-runs/20260609_152615_16568/both/run_05.txt	/Users/anamkwon/skills-test/.skill-codegen-runs/20260609_152615_16568/both/run_05.stderr
both	06	0	/Users/anamkwon/skills-test/.skill-codegen-runs/20260609_152615_16568/both/workspaces/run_06	/Users/anamkwon/skills-test/.skill-codegen-runs/20260609_152615_16568/both/prompt_06.txt	/Users/anamkwon/skills-test/.skill-codegen-runs/20260609_152615_16568/both/run_06.txt	/Users/anamkwon/skills-test/.skill-codegen-runs/20260609_152615_16568/both/run_06.stderr
both	07	0	/Users/anamkwon/skills-test/.skill-codegen-runs/20260609_152615_16568/both/workspaces/run_07	/Users/anamkwon/skills-test/.skill-codegen-runs/20260609_152615_16568/both/prompt_07.txt	/Users/anamkwon/skills-test/.skill-codegen-runs/20260609_152615_16568/both/run_07.txt	/Users/anamkwon/skills-test/.skill-codegen-runs/20260609_152615_16568/both/run_07.stderr
both	08	0	/Users/anamkwon/skills-test/.skill-codegen-runs/20260609_152615_16568/both/workspaces/run_08	/Users/anamkwon/skills-test/.skill-codegen-runs/20260609_152615_16568/both/prompt_08.txt	/Users/anamkwon/skills-test/.skill-codegen-runs/20260609_152615_16568/both/run_08.txt	/Users/anamkwon/skills-test/.skill-codegen-runs/20260609_152615_16568/both/run_08.stderr
both	09	0	/Users/anamkwon/skills-test/.skill-codegen-runs/20260609_152615_16568/both/workspaces/run_09	/Users/anamkwon/skills-test/.skill-codegen-runs/20260609_152615_16568/both/prompt_09.txt	/Users/anamkwon/skills-test/.skill-codegen-runs/20260609_152615_16568/both/run_09.txt	/Users/anamkwon/skills-test/.skill-codegen-runs/20260609_152615_16568/both/run_09.stderr
both	10	0	/Users/anamkwon/skills-test/.skill-codegen-runs/20260609_152615_16568/both/workspaces/run_10	/Users/anamkwon/skills-test/.skill-codegen-runs/20260609_152615_16568/both/prompt_10.txt	/Users/anamkwon/skills-test/.skill-codegen-runs/20260609_152615_16568/both/run_10.txt	/Users/anamkwon/skills-test/.skill-codegen-runs/20260609_152615_16568/both/run_10.stderr
